index,emoji,name,group,sub_group,codepoints
13,ğŸ¥°,smiling face with hearts,Smileys & Emotion,face-positive,1F970
14,ğŸ˜,smiling face with heart-eyes,Smileys & Emotion,face-positive,1F60D
15,ğŸ¤©,star-struck,Smileys & Emotion,face-positive,1F929
16,ğŸ˜˜,face blowing a kiss,Smileys & Emotion,face-positive,1F618
17,ğŸ˜—,kissing face,Smileys & Emotion,face-positive,1F617
18,â˜ºï¸,smiling face,Smileys & Emotion,face-positive,263A FE0F
19,â˜º,smiling face,Smileys & Emotion,face-positive,263A
20,ğŸ˜š,kissing face with closed eyes,Smileys & Emotion,face-positive,1F61A
21,ğŸ˜™,kissing face with smiling eyes,Smileys & Emotion,face-positive,1F619
22,ğŸ¥²,smiling face with tear,Smileys & Emotion,face-positive,1F972
33,ğŸ¤,zipper-mouth face,Smileys & Emotion,face-negative,1F910
34,ğŸ¤¨,face with raised eyebrow,Smileys & Emotion,face-negative,1F928
35,ğŸ˜,neutral face,Smileys & Emotion,face-negative,1F610
36,ğŸ˜‘,expressionless face,Smileys & Emotion,face-negative,1F611
37,ğŸ˜¶,face without mouth,Smileys & Emotion,face-negative,1F636
38,ğŸ˜,smirking face,Smileys & Emotion,face-negative,1F60F
39,ğŸ˜’,unamused face,Smileys & Emotion,face-negative,1F612
40,ğŸ™„,face with rolling eyes,Smileys & Emotion,face-negative,1F644
41,ğŸ˜¬,grimacing face,Smileys & Emotion,face-negative,1F62C
42,ğŸ¤¥,lying face,Smileys & Emotion,face-negative,1F925
43,ğŸ˜Œ,relieved face,Smileys & Emotion,face-negative,1F60C
44,ğŸ˜”,pensive face,Smileys & Emotion,face-negative,1F614
45,ğŸ˜ª,sleepy face,Smileys & Emotion,face-negative,1F62A
46,ğŸ¤¤,drooling face,Smileys & Emotion,face-negative,1F924
47,ğŸ˜´,sleeping face,Smileys & Emotion,face-negative,1F634
48,ğŸ˜·,face with medical mask,Smileys & Emotion,face-negative,1F637
49,ğŸ¤’,face with thermometer,Smileys & Emotion,face-negative,1F912
50,ğŸ¤•,face with head-bandage,Smileys & Emotion,face-negative,1F915
51,ğŸ¤¢,nauseated face,Smileys & Emotion,face-negative,1F922
52,ğŸ¤®,face vomiting,Smileys & Emotion,face-negative,1F92E
53,ğŸ¤§,sneezing face,Smileys & Emotion,face-negative,1F927
54,ğŸ¥µ,hot face,Smileys & Emotion,face-negative,1F975
55,ğŸ¥¶,cold face,Smileys & Emotion,face-negative,1F976
56,ğŸ¥´,woozy face,Smileys & Emotion,face-negative,1F974
57,ğŸ˜µ,dizzy face,Smileys & Emotion,face-negative,1F635
58,ğŸ¤¯,exploding head,Smileys & Emotion,face-negative,1F92F
65,ğŸ˜•,confused face,Smileys & Emotion,face-positive,1F615
66,ğŸ˜Ÿ,worried face,Smileys & Emotion,face-positive,1F61F
67,ğŸ™,slightly frowning face,Smileys & Emotion,face-positive,1F641
68,â˜¹ï¸,frowning face,Smileys & Emotion,face-positive,2639 FE0F
69,â˜¹,frowning face,Smileys & Emotion,face-positive,2639
70,ğŸ˜®,face with open mouth,Smileys & Emotion,face-positive,1F62E
71,ğŸ˜¯,hushed face,Smileys & Emotion,face-positive,1F62F
72,ğŸ˜²,astonished face,Smileys & Emotion,face-positive,1F632
73,ğŸ˜³,flushed face,Smileys & Emotion,face-positive,1F633
74,ğŸ¥º,pleading face,Smileys & Emotion,face-positive,1F97A
75,ğŸ˜¦,frowning face with open mouth,Smileys & Emotion,face-positive,1F626
76,ğŸ˜§,anguished face,Smileys & Emotion,face-positive,1F627
77,ğŸ˜¨,fearful face,Smileys & Emotion,face-positive,1F628
78,ğŸ˜°,anxious face with sweat,Smileys & Emotion,face-positive,1F630
79,ğŸ˜¥,sad but relieved face,Smileys & Emotion,face-positive,1F625
80,ğŸ˜¢,crying face,Smileys & Emotion,face-positive,1F622
81,ğŸ˜­,loudly crying face,Smileys & Emotion,face-positive,1F62D
82,ğŸ˜±,face screaming in fear,Smileys & Emotion,face-positive,1F631
83,ğŸ˜–,confounded face,Smileys & Emotion,face-positive,1F616
84,ğŸ˜£,persevering face,Smileys & Emotion,face-positive,1F623
85,ğŸ˜,disappointed face,Smileys & Emotion,face-positive,1F61E
86,ğŸ˜“,downcast face with sweat,Smileys & Emotion,face-positive,1F613
87,ğŸ˜©,weary face,Smileys & Emotion,face-positive,1F629
88,ğŸ˜«,tired face,Smileys & Emotion,face-positive,1F62B
89,ğŸ¥±,yawning face,Smileys & Emotion,face-positive,1F971
90,ğŸ˜¤,face with steam from nose,Smileys & Emotion,face-negative,1F624
91,ğŸ˜¡,pouting face,Smileys & Emotion,face-negative,1F621
92,ğŸ˜ ,angry face,Smileys & Emotion,face-negative,1F620
93,ğŸ¤¬,face with symbols on mouth,Smileys & Emotion,face-negative,1F92C
94,ğŸ˜ˆ,smiling face with horns,Smileys & Emotion,face-negative,1F608
95,ğŸ‘¿,angry face with horns,Smileys & Emotion,face-negative,1F47F
96,ğŸ’€,skull,Smileys & Emotion,face-negative,1F480
97,â˜ ï¸,skull and crossbones,Smileys & Emotion,face-negative,2620 FE0F
98,â˜ ,skull and crossbones,Smileys & Emotion,face-negative,2620
127,ğŸ’•,two hearts,Smileys & Emotion,emotion,1F495
128,ğŸ’Ÿ,heart decoration,Smileys & Emotion,emotion,1F49F
129,â£ï¸,heart exclamation,Smileys & Emotion,emotion,2763 FE0F
130,â£,heart exclamation,Smileys & Emotion,emotion,2763
131,ğŸ’”,broken heart,Smileys & Emotion,emotion,1F494
132,â¤ï¸,red heart,Smileys & Emotion,emotion,2764 FE0F
133,â¤,red heart,Smileys & Emotion,emotion,2764
134,ğŸ§¡,orange heart,Smileys & Emotion,emotion,1F9E1
135,ğŸ’›,yellow heart,Smileys & Emotion,emotion,1F49B
136,ğŸ’š,green heart,Smileys & Emotion,emotion,1F49A
137,ğŸ’™,blue heart,Smileys & Emotion,emotion,1F499
138,ğŸ’œ,purple heart,Smileys & Emotion,emotion,1F49C
139,ğŸ¤,brown heart,Smileys & Emotion,emotion,1F90E
140,ğŸ–¤,black heart,Smileys & Emotion,emotion,1F5A4
141,ğŸ¤,white heart,Smileys & Emotion,emotion,1F90D
142,ğŸ’¯,hundred points,Smileys & Emotion,emotion,1F4AF
143,ğŸ’¢,anger symbol,Smileys & Emotion,emotion,1F4A2
144,ğŸ’¥,collision,Smileys & Emotion,emotion,1F4A5
145,ğŸ’«,dizzy,Smileys & Emotion,emotion,1F4AB
146,ğŸ’¦,sweat droplets,Smileys & Emotion,emotion,1F4A6
147,ğŸ’¨,dashing away,Smileys & Emotion,emotion,1F4A8
148,ğŸ•³ï¸,hole,Smileys & Emotion,emotion,1F573 FE0F
149,ğŸ•³,hole,Smileys & Emotion,emotion,1F573
150,ğŸ’£,bomb,Smileys & Emotion,emotion,1F4A3
151,ğŸ’¬,speech balloon,Smileys & Emotion,emotion,1F4AC
152,ğŸ‘ï¸â€ğŸ—¨ï¸,eye in speech bubble,Smileys & Emotion,emotion,1F441 FE0F 200D 1F5E8 FE0F
153,ğŸ‘â€ğŸ—¨ï¸,eye in speech bubble,Smileys & Emotion,emotion,1F441 200D 1F5E8 FE0F
154,ğŸ‘ï¸â€ğŸ—¨,eye in speech bubble,Smileys & Emotion,emotion,1F441 FE0F 200D 1F5E8
155,ğŸ‘â€ğŸ—¨,eye in speech bubble,Smileys & Emotion,emotion,1F441 200D 1F5E8
156,ğŸ—¨ï¸,left speech bubble,Smileys & Emotion,emotion,1F5E8 FE0F
157,ğŸ—¨,left speech bubble,Smileys & Emotion,emotion,1F5E8
158,ğŸ—¯ï¸,right anger bubble,Smileys & Emotion,emotion,1F5EF FE0F
159,ğŸ—¯,right anger bubble,Smileys & Emotion,emotion,1F5EF
160,ğŸ’­,thought balloon,Smileys & Emotion,emotion,1F4AD
161,ğŸ’¤,zzz,Smileys & Emotion,emotion,1F4A4
207,ğŸ¤ğŸ¼,pinching hand: medium-light skin tone,People & Body,hand-fingers-partial,1F90F 1F3FC
208,ğŸ¤ğŸ½,pinching hand: medium skin tone,People & Body,hand-fingers-partial,1F90F 1F3FD
209,ğŸ¤ğŸ¾,pinching hand: medium-dark skin tone,People & Body,hand-fingers-partial,1F90F 1F3FE
210,ğŸ¤ğŸ¿,pinching hand: dark skin tone,People & Body,hand-fingers-partial,1F90F 1F3FF
211,âœŒï¸,victory hand,People & Body,hand-fingers-partial,270C FE0F
212,âœŒ,victory hand,People & Body,hand-fingers-partial,270C
213,âœŒğŸ»,victory hand: light skin tone,People & Body,hand-fingers-partial,270C 1F3FB
214,âœŒğŸ¼,victory hand: medium-light skin tone,People & Body,hand-fingers-partial,270C 1F3FC
215,âœŒğŸ½,victory hand: medium skin tone,People & Body,hand-fingers-partial,270C 1F3FD
216,âœŒğŸ¾,victory hand: medium-dark skin tone,People & Body,hand-fingers-partial,270C 1F3FE
217,âœŒğŸ¿,victory hand: dark skin tone,People & Body,hand-fingers-partial,270C 1F3FF
218,ğŸ¤,crossed fingers,People & Body,hand-fingers-partial,1F91E
219,ğŸ¤ğŸ»,crossed fingers: light skin tone,People & Body,hand-fingers-partial,1F91E 1F3FB
220,ğŸ¤ğŸ¼,crossed fingers: medium-light skin tone,People & Body,hand-fingers-partial,1F91E 1F3FC
221,ğŸ¤ğŸ½,crossed fingers: medium skin tone,People & Body,hand-fingers-partial,1F91E 1F3FD
222,ğŸ¤ğŸ¾,crossed fingers: medium-dark skin tone,People & Body,hand-fingers-partial,1F91E 1F3FE
223,ğŸ¤ğŸ¿,crossed fingers: dark skin tone,People & Body,hand-fingers-partial,1F91E 1F3FF
224,ğŸ¤Ÿ,love-you gesture,People & Body,hand-fingers-partial,1F91F
225,ğŸ¤ŸğŸ»,love-you gesture: light skin tone,People & Body,hand-fingers-partial,1F91F 1F3FB
226,ğŸ¤ŸğŸ¼,love-you gesture: medium-light skin tone,People & Body,hand-fingers-partial,1F91F 1F3FC
227,ğŸ¤ŸğŸ½,love-you gesture: medium skin tone,People & Body,hand-fingers-partial,1F91F 1F3FD
228,ğŸ¤ŸğŸ¾,love-you gesture: medium-dark skin tone,People & Body,hand-fingers-partial,1F91F 1F3FE
229,ğŸ¤ŸğŸ¿,love-you gesture: dark skin tone,People & Body,hand-fingers-partial,1F91F 1F3FF
230,ğŸ¤˜,sign of the horns,People & Body,hand-fingers-partial,1F918
231,ğŸ¤˜ğŸ»,sign of the horns: light skin tone,People & Body,hand-fingers-partial,1F918 1F3FB
232,ğŸ¤˜ğŸ¼,sign of the horns: medium-light skin tone,People & Body,hand-fingers-partial,1F918 1F3FC
233,ğŸ¤˜ğŸ½,sign of the horns: medium skin tone,People & Body,hand-fingers-partial,1F918 1F3FD
234,ğŸ¤˜ğŸ¾,sign of the horns: medium-dark skin tone,People & Body,hand-fingers-partial,1F918 1F3FE
235,ğŸ¤˜ğŸ¿,sign of the horns: dark skin tone,People & Body,hand-fingers-partial,1F918 1F3FF
236,ğŸ¤™,call me hand,People & Body,hand-fingers-partial,1F919
237,ğŸ¤™ğŸ»,call me hand: light skin tone,People & Body,hand-fingers-partial,1F919 1F3FB
238,ğŸ¤™ğŸ¼,call me hand: medium-light skin tone,People & Body,hand-fingers-partial,1F919 1F3FC
239,ğŸ¤™ğŸ½,call me hand: medium skin tone,People & Body,hand-fingers-partial,1F919 1F3FD
240,ğŸ¤™ğŸ¾,call me hand: medium-dark skin tone,People & Body,hand-fingers-partial,1F919 1F3FE
241,ğŸ¤™ğŸ¿,call me hand: dark skin tone,People & Body,hand-fingers-partial,1F919 1F3FF
244,ğŸ‘ˆğŸ¼,backhand index pointing left: medium-light skin tone,People & Body,hand-single-finger,1F448 1F3FC
245,ğŸ‘ˆğŸ½,backhand index pointing left: medium skin tone,People & Body,hand-single-finger,1F448 1F3FD
246,ğŸ‘ˆğŸ¾,backhand index pointing left: medium-dark skin tone,People & Body,hand-single-finger,1F448 1F3FE
247,ğŸ‘ˆğŸ¿,backhand index pointing left: dark skin tone,People & Body,hand-single-finger,1F448 1F3FF
248,ğŸ‘‰,backhand index pointing right,People & Body,hand-single-finger,1F449
249,ğŸ‘‰ğŸ»,backhand index pointing right: light skin tone,People & Body,hand-single-finger,1F449 1F3FB
250,ğŸ‘‰ğŸ¼,backhand index pointing right: medium-light skin tone,People & Body,hand-single-finger,1F449 1F3FC
251,ğŸ‘‰ğŸ½,backhand index pointing right: medium skin tone,People & Body,hand-single-finger,1F449 1F3FD
252,ğŸ‘‰ğŸ¾,backhand index pointing right: medium-dark skin tone,People & Body,hand-single-finger,1F449 1F3FE
253,ğŸ‘‰ğŸ¿,backhand index pointing right: dark skin tone,People & Body,hand-single-finger,1F449 1F3FF
254,ğŸ‘†,backhand index pointing up,People & Body,hand-single-finger,1F446
255,ğŸ‘†ğŸ»,backhand index pointing up: light skin tone,People & Body,hand-single-finger,1F446 1F3FB
256,ğŸ‘†ğŸ¼,backhand index pointing up: medium-light skin tone,People & Body,hand-single-finger,1F446 1F3FC
257,ğŸ‘†ğŸ½,backhand index pointing up: medium skin tone,People & Body,hand-single-finger,1F446 1F3FD
258,ğŸ‘†ğŸ¾,backhand index pointing up: medium-dark skin tone,People & Body,hand-single-finger,1F446 1F3FE
259,ğŸ‘†ğŸ¿,backhand index pointing up: dark skin tone,People & Body,hand-single-finger,1F446 1F3FF
260,ğŸ–•,middle finger,People & Body,hand-single-finger,1F595
261,ğŸ–•ğŸ»,middle finger: light skin tone,People & Body,hand-single-finger,1F595 1F3FB
262,ğŸ–•ğŸ¼,middle finger: medium-light skin tone,People & Body,hand-single-finger,1F595 1F3FC
263,ğŸ–•ğŸ½,middle finger: medium skin tone,People & Body,hand-single-finger,1F595 1F3FD
264,ğŸ–•ğŸ¾,middle finger: medium-dark skin tone,People & Body,hand-single-finger,1F595 1F3FE
265,ğŸ–•ğŸ¿,middle finger: dark skin tone,People & Body,hand-single-finger,1F595 1F3FF
266,ğŸ‘‡,backhand index pointing down,People & Body,hand-single-finger,1F447
267,ğŸ‘‡ğŸ»,backhand index pointing down: light skin tone,People & Body,hand-single-finger,1F447 1F3FB
268,ğŸ‘‡ğŸ¼,backhand index pointing down: medium-light skin tone,People & Body,hand-single-finger,1F447 1F3FC
269,ğŸ‘‡ğŸ½,backhand index pointing down: medium skin tone,People & Body,hand-single-finger,1F447 1F3FD
270,ğŸ‘‡ğŸ¾,backhand index pointing down: medium-dark skin tone,People & Body,hand-single-finger,1F447 1F3FE
271,ğŸ‘‡ğŸ¿,backhand index pointing down: dark skin tone,People & Body,hand-single-finger,1F447 1F3FF
272,â˜ï¸,index pointing up,People & Body,hand-single-finger,261D FE0F
273,â˜,index pointing up,People & Body,hand-single-finger,261D
274,â˜ğŸ»,index pointing up: light skin tone,People & Body,hand-single-finger,261D 1F3FB
275,â˜ğŸ¼,index pointing up: medium-light skin tone,People & Body,hand-single-finger,261D 1F3FC
276,â˜ğŸ½,index pointing up: medium skin tone,People & Body,hand-single-finger,261D 1F3FD
277,â˜ğŸ¾,index pointing up: medium-dark skin tone,People & Body,hand-single-finger,261D 1F3FE
278,â˜ğŸ¿,index pointing up: dark skin tone,People & Body,hand-single-finger,261D 1F3FF
280,ğŸ‘ğŸ»,thumbs up: light skin tone,People & Body,hand-fingers-closed,1F44D 1F3FB
281,ğŸ‘ğŸ¼,thumbs up: medium-light skin tone,People & Body,hand-fingers-closed,1F44D 1F3FC
282,ğŸ‘ğŸ½,thumbs up: medium skin tone,People & Body,hand-fingers-closed,1F44D 1F3FD
283,ğŸ‘ğŸ¾,thumbs up: medium-dark skin tone,People & Body,hand-fingers-closed,1F44D 1F3FE
284,ğŸ‘ğŸ¿,thumbs up: dark skin tone,People & Body,hand-fingers-closed,1F44D 1F3FF
285,ğŸ‘,thumbs down,People & Body,hand-fingers-closed,1F44E
286,ğŸ‘ğŸ»,thumbs down: light skin tone,People & Body,hand-fingers-closed,1F44E 1F3FB
287,ğŸ‘ğŸ¼,thumbs down: medium-light skin tone,People & Body,hand-fingers-closed,1F44E 1F3FC
288,ğŸ‘ğŸ½,thumbs down: medium skin tone,People & Body,hand-fingers-closed,1F44E 1F3FD
289,ğŸ‘ğŸ¾,thumbs down: medium-dark skin tone,People & Body,hand-fingers-closed,1F44E 1F3FE
290,ğŸ‘ğŸ¿,thumbs down: dark skin tone,People & Body,hand-fingers-closed,1F44E 1F3FF
291,âœŠ,raised fist,People & Body,hand-fingers-closed,270A
292,âœŠğŸ»,raised fist: light skin tone,People & Body,hand-fingers-closed,270A 1F3FB
293,âœŠğŸ¼,raised fist: medium-light skin tone,People & Body,hand-fingers-closed,270A 1F3FC
294,âœŠğŸ½,raised fist: medium skin tone,People & Body,hand-fingers-closed,270A 1F3FD
295,âœŠğŸ¾,raised fist: medium-dark skin tone,People & Body,hand-fingers-closed,270A 1F3FE
296,âœŠğŸ¿,raised fist: dark skin tone,People & Body,hand-fingers-closed,270A 1F3FF
297,ğŸ‘Š,oncoming fist,People & Body,hand-fingers-closed,1F44A
298,ğŸ‘ŠğŸ»,oncoming fist: light skin tone,People & Body,hand-fingers-closed,1F44A 1F3FB
299,ğŸ‘ŠğŸ¼,oncoming fist: medium-light skin tone,People & Body,hand-fingers-closed,1F44A 1F3FC
300,ğŸ‘ŠğŸ½,oncoming fist: medium skin tone,People & Body,hand-fingers-closed,1F44A 1F3FD
301,ğŸ‘ŠğŸ¾,oncoming fist: medium-dark skin tone,People & Body,hand-fingers-closed,1F44A 1F3FE
302,ğŸ‘ŠğŸ¿,oncoming fist: dark skin tone,People & Body,hand-fingers-closed,1F44A 1F3FF
303,ğŸ¤›,left-facing fist,People & Body,hand-fingers-closed,1F91B
304,ğŸ¤›ğŸ»,left-facing fist: light skin tone,People & Body,hand-fingers-closed,1F91B 1F3FB
305,ğŸ¤›ğŸ¼,left-facing fist: medium-light skin tone,People & Body,hand-fingers-closed,1F91B 1F3FC
306,ğŸ¤›ğŸ½,left-facing fist: medium skin tone,People & Body,hand-fingers-closed,1F91B 1F3FD
307,ğŸ¤›ğŸ¾,left-facing fist: medium-dark skin tone,People & Body,hand-fingers-closed,1F91B 1F3FE
308,ğŸ¤›ğŸ¿,left-facing fist: dark skin tone,People & Body,hand-fingers-closed,1F91B 1F3FF
309,ğŸ¤œ,right-facing fist,People & Body,hand-fingers-closed,1F91C
310,ğŸ¤œğŸ»,right-facing fist: light skin tone,People & Body,hand-fingers-closed,1F91C 1F3FB
311,ğŸ¤œğŸ¼,right-facing fist: medium-light skin tone,People & Body,hand-fingers-closed,1F91C 1F3FC
312,ğŸ¤œğŸ½,right-facing fist: medium skin tone,People & Body,hand-fingers-closed,1F91C 1F3FD
313,ğŸ¤œğŸ¾,right-facing fist: medium-dark skin tone,People & Body,hand-fingers-closed,1F91C 1F3FE
314,ğŸ¤œğŸ¿,right-facing fist: dark skin tone,People & Body,hand-fingers-closed,1F91C 1F3FF
378,ğŸ¦µğŸ¿,leg: dark skin tone,People & Body,body-parts,1F9B5 1F3FF
379,ğŸ¦¶,foot,People & Body,body-parts,1F9B6
380,ğŸ¦¶ğŸ»,foot: light skin tone,People & Body,body-parts,1F9B6 1F3FB
381,ğŸ¦¶ğŸ¼,foot: medium-light skin tone,People & Body,body-parts,1F9B6 1F3FC
382,ğŸ¦¶ğŸ½,foot: medium skin tone,People & Body,body-parts,1F9B6 1F3FD
383,ğŸ¦¶ğŸ¾,foot: medium-dark skin tone,People & Body,body-parts,1F9B6 1F3FE
384,ğŸ¦¶ğŸ¿,foot: dark skin tone,People & Body,body-parts,1F9B6 1F3FF
385,ğŸ‘‚,ear,People & Body,body-parts,1F442
386,ğŸ‘‚ğŸ»,ear: light skin tone,People & Body,body-parts,1F442 1F3FB
387,ğŸ‘‚ğŸ¼,ear: medium-light skin tone,People & Body,body-parts,1F442 1F3FC
388,ğŸ‘‚ğŸ½,ear: medium skin tone,People & Body,body-parts,1F442 1F3FD
389,ğŸ‘‚ğŸ¾,ear: medium-dark skin tone,People & Body,body-parts,1F442 1F3FE
390,ğŸ‘‚ğŸ¿,ear: dark skin tone,People & Body,body-parts,1F442 1F3FF
391,ğŸ¦»,ear with hearing aid,People & Body,body-parts,1F9BB
392,ğŸ¦»ğŸ»,ear with hearing aid: light skin tone,People & Body,body-parts,1F9BB 1F3FB
393,ğŸ¦»ğŸ¼,ear with hearing aid: medium-light skin tone,People & Body,body-parts,1F9BB 1F3FC
394,ğŸ¦»ğŸ½,ear with hearing aid: medium skin tone,People & Body,body-parts,1F9BB 1F3FD
395,ğŸ¦»ğŸ¾,ear with hearing aid: medium-dark skin tone,People & Body,body-parts,1F9BB 1F3FE
396,ğŸ¦»ğŸ¿,ear with hearing aid: dark skin tone,People & Body,body-parts,1F9BB 1F3FF
397,ğŸ‘ƒ,nose,People & Body,body-parts,1F443
398,ğŸ‘ƒğŸ»,nose: light skin tone,People & Body,body-parts,1F443 1F3FB
399,ğŸ‘ƒğŸ¼,nose: medium-light skin tone,People & Body,body-parts,1F443 1F3FC
400,ğŸ‘ƒğŸ½,nose: medium skin tone,People & Body,body-parts,1F443 1F3FD
401,ğŸ‘ƒğŸ¾,nose: medium-dark skin tone,People & Body,body-parts,1F443 1F3FE
402,ğŸ‘ƒğŸ¿,nose: dark skin tone,People & Body,body-parts,1F443 1F3FF
403,ğŸ§ ,brain,People & Body,body-parts,1F9E0
404,ğŸ«€,anatomical heart,People & Body,body-parts,1FAC0
405,ğŸ«,lungs,People & Body,body-parts,1FAC1
406,ğŸ¦·,tooth,People & Body,body-parts,1F9B7
407,ğŸ¦´,bone,People & Body,body-parts,1F9B4
408,ğŸ‘€,eyes,People & Body,body-parts,1F440
409,ğŸ‘ï¸,eye,People & Body,body-parts,1F441 FE0F
410,ğŸ‘,eye,People & Body,body-parts,1F441
411,ğŸ‘…,tongue,People & Body,body-parts,1F445
412,ğŸ‘„,mouth,People & Body,body-parts,1F444
546,ğŸ‘±ğŸ½â€â™€,"woman: medium skin tone, blond hair",People & Body,person,1F471 1F3FD 200D 2640
547,ğŸ‘±ğŸ¾â€â™€ï¸,"woman: medium-dark skin tone, blond hair",People & Body,person,1F471 1F3FE 200D 2640 FE0F
548,ğŸ‘±ğŸ¾â€â™€,"woman: medium-dark skin tone, blond hair",People & Body,person,1F471 1F3FE 200D 2640
549,ğŸ‘±ğŸ¿â€â™€ï¸,"woman: dark skin tone, blond hair",People & Body,person,1F471 1F3FF 200D 2640 FE0F
550,ğŸ‘±ğŸ¿â€â™€,"woman: dark skin tone, blond hair",People & Body,person,1F471 1F3FF 200D 2640
551,ğŸ‘±â€â™‚ï¸,man: blond hair,People & Body,person,1F471 200D 2642 FE0F
552,ğŸ‘±â€â™‚,man: blond hair,People & Body,person,1F471 200D 2642
553,ğŸ‘±ğŸ»â€â™‚ï¸,"man: light skin tone, blond hair",People & Body,person,1F471 1F3FB 200D 2642 FE0F
554,ğŸ‘±ğŸ»â€â™‚,"man: light skin tone, blond hair",People & Body,person,1F471 1F3FB 200D 2642
555,ğŸ‘±ğŸ¼â€â™‚ï¸,"man: medium-light skin tone, blond hair",People & Body,person,1F471 1F3FC 200D 2642 FE0F
556,ğŸ‘±ğŸ¼â€â™‚,"man: medium-light skin tone, blond hair",People & Body,person,1F471 1F3FC 200D 2642
557,ğŸ‘±ğŸ½â€â™‚ï¸,"man: medium skin tone, blond hair",People & Body,person,1F471 1F3FD 200D 2642 FE0F
558,ğŸ‘±ğŸ½â€â™‚,"man: medium skin tone, blond hair",People & Body,person,1F471 1F3FD 200D 2642
559,ğŸ‘±ğŸ¾â€â™‚ï¸,"man: medium-dark skin tone, blond hair",People & Body,person,1F471 1F3FE 200D 2642 FE0F
560,ğŸ‘±ğŸ¾â€â™‚,"man: medium-dark skin tone, blond hair",People & Body,person,1F471 1F3FE 200D 2642
561,ğŸ‘±ğŸ¿â€â™‚ï¸,"man: dark skin tone, blond hair",People & Body,person,1F471 1F3FF 200D 2642 FE0F
562,ğŸ‘±ğŸ¿â€â™‚,"man: dark skin tone, blond hair",People & Body,person,1F471 1F3FF 200D 2642
563,ğŸ§“,older person,People & Body,person,1F9D3
564,ğŸ§“ğŸ»,older person: light skin tone,People & Body,person,1F9D3 1F3FB
565,ğŸ§“ğŸ¼,older person: medium-light skin tone,People & Body,person,1F9D3 1F3FC
566,ğŸ§“ğŸ½,older person: medium skin tone,People & Body,person,1F9D3 1F3FD
567,ğŸ§“ğŸ¾,older person: medium-dark skin tone,People & Body,person,1F9D3 1F3FE
568,ğŸ§“ğŸ¿,older person: dark skin tone,People & Body,person,1F9D3 1F3FF
569,ğŸ‘´,old man,People & Body,person,1F474
570,ğŸ‘´ğŸ»,old man: light skin tone,People & Body,person,1F474 1F3FB
571,ğŸ‘´ğŸ¼,old man: medium-light skin tone,People & Body,person,1F474 1F3FC
572,ğŸ‘´ğŸ½,old man: medium skin tone,People & Body,person,1F474 1F3FD
573,ğŸ‘´ğŸ¾,old man: medium-dark skin tone,People & Body,person,1F474 1F3FE
574,ğŸ‘´ğŸ¿,old man: dark skin tone,People & Body,person,1F474 1F3FF
575,ğŸ‘µ,old woman,People & Body,person,1F475
576,ğŸ‘µğŸ»,old woman: light skin tone,People & Body,person,1F475 1F3FB
577,ğŸ‘µğŸ¼,old woman: medium-light skin tone,People & Body,person,1F475 1F3FC
578,ğŸ‘µğŸ½,old woman: medium skin tone,People & Body,person,1F475 1F3FD
579,ğŸ‘µğŸ¾,old woman: medium-dark skin tone,People & Body,person,1F475 1F3FE
580,ğŸ‘µğŸ¿,old woman: dark skin tone,People & Body,person,1F475 1F3FF
846,ğŸ¤¦ğŸ½â€â™€,woman facepalming: medium skin tone,People & Body,person-gesture,1F926 1F3FD 200D 2640
847,ğŸ¤¦ğŸ¾â€â™€ï¸,woman facepalming: medium-dark skin tone,People & Body,person-gesture,1F926 1F3FE 200D 2640 FE0F
848,ğŸ¤¦ğŸ¾â€â™€,woman facepalming: medium-dark skin tone,People & Body,person-gesture,1F926 1F3FE 200D 2640
849,ğŸ¤¦ğŸ¿â€â™€ï¸,woman facepalming: dark skin tone,People & Body,person-gesture,1F926 1F3FF 200D 2640 FE0F
850,ğŸ¤¦ğŸ¿â€â™€,woman facepalming: dark skin tone,People & Body,person-gesture,1F926 1F3FF 200D 2640
851,ğŸ¤·,person shrugging,People & Body,person-gesture,1F937
852,ğŸ¤·ğŸ»,person shrugging: light skin tone,People & Body,person-gesture,1F937 1F3FB
853,ğŸ¤·ğŸ¼,person shrugging: medium-light skin tone,People & Body,person-gesture,1F937 1F3FC
854,ğŸ¤·ğŸ½,person shrugging: medium skin tone,People & Body,person-gesture,1F937 1F3FD
855,ğŸ¤·ğŸ¾,person shrugging: medium-dark skin tone,People & Body,person-gesture,1F937 1F3FE
856,ğŸ¤·ğŸ¿,person shrugging: dark skin tone,People & Body,person-gesture,1F937 1F3FF
857,ğŸ¤·â€â™‚ï¸,man shrugging,People & Body,person-gesture,1F937 200D 2642 FE0F
858,ğŸ¤·â€â™‚,man shrugging,People & Body,person-gesture,1F937 200D 2642
859,ğŸ¤·ğŸ»â€â™‚ï¸,man shrugging: light skin tone,People & Body,person-gesture,1F937 1F3FB 200D 2642 FE0F
860,ğŸ¤·ğŸ»â€â™‚,man shrugging: light skin tone,People & Body,person-gesture,1F937 1F3FB 200D 2642
861,ğŸ¤·ğŸ¼â€â™‚ï¸,man shrugging: medium-light skin tone,People & Body,person-gesture,1F937 1F3FC 200D 2642 FE0F
862,ğŸ¤·ğŸ¼â€â™‚,man shrugging: medium-light skin tone,People & Body,person-gesture,1F937 1F3FC 200D 2642
863,ğŸ¤·ğŸ½â€â™‚ï¸,man shrugging: medium skin tone,People & Body,person-gesture,1F937 1F3FD 200D 2642 FE0F
864,ğŸ¤·ğŸ½â€â™‚,man shrugging: medium skin tone,People & Body,person-gesture,1F937 1F3FD 200D 2642
865,ğŸ¤·ğŸ¾â€â™‚ï¸,man shrugging: medium-dark skin tone,People & Body,person-gesture,1F937 1F3FE 200D 2642 FE0F
866,ğŸ¤·ğŸ¾â€â™‚,man shrugging: medium-dark skin tone,People & Body,person-gesture,1F937 1F3FE 200D 2642
867,ğŸ¤·ğŸ¿â€â™‚ï¸,man shrugging: dark skin tone,People & Body,person-gesture,1F937 1F3FF 200D 2642 FE0F
868,ğŸ¤·ğŸ¿â€â™‚,man shrugging: dark skin tone,People & Body,person-gesture,1F937 1F3FF 200D 2642
869,ğŸ¤·â€â™€ï¸,woman shrugging,People & Body,person-gesture,1F937 200D 2640 FE0F
870,ğŸ¤·â€â™€,woman shrugging,People & Body,person-gesture,1F937 200D 2640
871,ğŸ¤·ğŸ»â€â™€ï¸,woman shrugging: light skin tone,People & Body,person-gesture,1F937 1F3FB 200D 2640 FE0F
872,ğŸ¤·ğŸ»â€â™€,woman shrugging: light skin tone,People & Body,person-gesture,1F937 1F3FB 200D 2640
873,ğŸ¤·ğŸ¼â€â™€ï¸,woman shrugging: medium-light skin tone,People & Body,person-gesture,1F937 1F3FC 200D 2640 FE0F
874,ğŸ¤·ğŸ¼â€â™€,woman shrugging: medium-light skin tone,People & Body,person-gesture,1F937 1F3FC 200D 2640
875,ğŸ¤·ğŸ½â€â™€ï¸,woman shrugging: medium skin tone,People & Body,person-gesture,1F937 1F3FD 200D 2640 FE0F
876,ğŸ¤·ğŸ½â€â™€,woman shrugging: medium skin tone,People & Body,person-gesture,1F937 1F3FD 200D 2640
877,ğŸ¤·ğŸ¾â€â™€ï¸,woman shrugging: medium-dark skin tone,People & Body,person-gesture,1F937 1F3FE 200D 2640 FE0F
878,ğŸ¤·ğŸ¾â€â™€,woman shrugging: medium-dark skin tone,People & Body,person-gesture,1F937 1F3FE 200D 2640
879,ğŸ¤·ğŸ¿â€â™€ï¸,woman shrugging: dark skin tone,People & Body,person-gesture,1F937 1F3FF 200D 2640 FE0F
880,ğŸ¤·ğŸ¿â€â™€,woman shrugging: dark skin tone,People & Body,person-gesture,1F937 1F3FF 200D 2640
1463,ğŸ‘°ğŸ½â€â™€,woman with veil: medium skin tone,People & Body,person-role,1F470 1F3FD 200D 2640
1464,ğŸ‘°ğŸ¾â€â™€ï¸,woman with veil: medium-dark skin tone,People & Body,person-role,1F470 1F3FE 200D 2640 FE0F
1465,ğŸ‘°ğŸ¾â€â™€,woman with veil: medium-dark skin tone,People & Body,person-role,1F470 1F3FE 200D 2640
1466,ğŸ‘°ğŸ¿â€â™€ï¸,woman with veil: dark skin tone,People & Body,person-role,1F470 1F3FF 200D 2640 FE0F
1467,ğŸ‘°ğŸ¿â€â™€,woman with veil: dark skin tone,People & Body,person-role,1F470 1F3FF 200D 2640
1468,ğŸ¤°,pregnant woman,People & Body,person-role,1F930
1469,ğŸ¤°ğŸ»,pregnant woman: light skin tone,People & Body,person-role,1F930 1F3FB
1470,ğŸ¤°ğŸ¼,pregnant woman: medium-light skin tone,People & Body,person-role,1F930 1F3FC
1471,ğŸ¤°ğŸ½,pregnant woman: medium skin tone,People & Body,person-role,1F930 1F3FD
1472,ğŸ¤°ğŸ¾,pregnant woman: medium-dark skin tone,People & Body,person-role,1F930 1F3FE
1473,ğŸ¤°ğŸ¿,pregnant woman: dark skin tone,People & Body,person-role,1F930 1F3FF
1474,ğŸ¤±,breast-feeding,People & Body,person-role,1F931
1475,ğŸ¤±ğŸ»,breast-feeding: light skin tone,People & Body,person-role,1F931 1F3FB
1476,ğŸ¤±ğŸ¼,breast-feeding: medium-light skin tone,People & Body,person-role,1F931 1F3FC
1477,ğŸ¤±ğŸ½,breast-feeding: medium skin tone,People & Body,person-role,1F931 1F3FD
1478,ğŸ¤±ğŸ¾,breast-feeding: medium-dark skin tone,People & Body,person-role,1F931 1F3FE
1479,ğŸ¤±ğŸ¿,breast-feeding: dark skin tone,People & Body,person-role,1F931 1F3FF
1480,ğŸ‘©â€ğŸ¼,woman feeding baby,People & Body,person-role,1F469 200D 1F37C
1481,ğŸ‘©ğŸ»â€ğŸ¼,woman feeding baby: light skin tone,People & Body,person-role,1F469 1F3FB 200D 1F37C
1482,ğŸ‘©ğŸ¼â€ğŸ¼,woman feeding baby: medium-light skin tone,People & Body,person-role,1F469 1F3FC 200D 1F37C
1483,ğŸ‘©ğŸ½â€ğŸ¼,woman feeding baby: medium skin tone,People & Body,person-role,1F469 1F3FD 200D 1F37C
1484,ğŸ‘©ğŸ¾â€ğŸ¼,woman feeding baby: medium-dark skin tone,People & Body,person-role,1F469 1F3FE 200D 1F37C
1485,ğŸ‘©ğŸ¿â€ğŸ¼,woman feeding baby: dark skin tone,People & Body,person-role,1F469 1F3FF 200D 1F37C
1486,ğŸ‘¨â€ğŸ¼,man feeding baby,People & Body,person-role,1F468 200D 1F37C
1487,ğŸ‘¨ğŸ»â€ğŸ¼,man feeding baby: light skin tone,People & Body,person-role,1F468 1F3FB 200D 1F37C
1488,ğŸ‘¨ğŸ¼â€ğŸ¼,man feeding baby: medium-light skin tone,People & Body,person-role,1F468 1F3FC 200D 1F37C
1489,ğŸ‘¨ğŸ½â€ğŸ¼,man feeding baby: medium skin tone,People & Body,person-role,1F468 1F3FD 200D 1F37C
1490,ğŸ‘¨ğŸ¾â€ğŸ¼,man feeding baby: medium-dark skin tone,People & Body,person-role,1F468 1F3FE 200D 1F37C
1491,ğŸ‘¨ğŸ¿â€ğŸ¼,man feeding baby: dark skin tone,People & Body,person-role,1F468 1F3FF 200D 1F37C
1492,ğŸ§‘â€ğŸ¼,person feeding baby,People & Body,person-role,1F9D1 200D 1F37C
1493,ğŸ§‘ğŸ»â€ğŸ¼,person feeding baby: light skin tone,People & Body,person-role,1F9D1 1F3FB 200D 1F37C
1494,ğŸ§‘ğŸ¼â€ğŸ¼,person feeding baby: medium-light skin tone,People & Body,person-role,1F9D1 1F3FC 200D 1F37C
1495,ğŸ§‘ğŸ½â€ğŸ¼,person feeding baby: medium skin tone,People & Body,person-role,1F9D1 1F3FD 200D 1F37C
1496,ğŸ§‘ğŸ¾â€ğŸ¼,person feeding baby: medium-dark skin tone,People & Body,person-role,1F9D1 1F3FE 200D 1F37C
1497,ğŸ§‘ğŸ¿â€ğŸ¼,person feeding baby: dark skin tone,People & Body,person-role,1F9D1 1F3FF 200D 1F37C
1707,ğŸ§ğŸ¿,elf: dark skin tone,People & Body,person-fantasy,1F9DD 1F3FF
1708,ğŸ§â€â™‚ï¸,man elf,People & Body,person-fantasy,1F9DD 200D 2642 FE0F
1709,ğŸ§â€â™‚,man elf,People & Body,person-fantasy,1F9DD 200D 2642
1710,ğŸ§ğŸ»â€â™‚ï¸,man elf: light skin tone,People & Body,person-fantasy,1F9DD 1F3FB 200D 2642 FE0F
1711,ğŸ§ğŸ»â€â™‚,man elf: light skin tone,People & Body,person-fantasy,1F9DD 1F3FB 200D 2642
1712,ğŸ§ğŸ¼â€â™‚ï¸,man elf: medium-light skin tone,People & Body,person-fantasy,1F9DD 1F3FC 200D 2642 FE0F
1713,ğŸ§ğŸ¼â€â™‚,man elf: medium-light skin tone,People & Body,person-fantasy,1F9DD 1F3FC 200D 2642
1714,ğŸ§ğŸ½â€â™‚ï¸,man elf: medium skin tone,People & Body,person-fantasy,1F9DD 1F3FD 200D 2642 FE0F
1715,ğŸ§ğŸ½â€â™‚,man elf: medium skin tone,People & Body,person-fantasy,1F9DD 1F3FD 200D 2642
1716,ğŸ§ğŸ¾â€â™‚ï¸,man elf: medium-dark skin tone,People & Body,person-fantasy,1F9DD 1F3FE 200D 2642 FE0F
1717,ğŸ§ğŸ¾â€â™‚,man elf: medium-dark skin tone,People & Body,person-fantasy,1F9DD 1F3FE 200D 2642
1718,ğŸ§ğŸ¿â€â™‚ï¸,man elf: dark skin tone,People & Body,person-fantasy,1F9DD 1F3FF 200D 2642 FE0F
1719,ğŸ§ğŸ¿â€â™‚,man elf: dark skin tone,People & Body,person-fantasy,1F9DD 1F3FF 200D 2642
1720,ğŸ§â€â™€ï¸,woman elf,People & Body,person-fantasy,1F9DD 200D 2640 FE0F
1721,ğŸ§â€â™€,woman elf,People & Body,person-fantasy,1F9DD 200D 2640
1722,ğŸ§ğŸ»â€â™€ï¸,woman elf: light skin tone,People & Body,person-fantasy,1F9DD 1F3FB 200D 2640 FE0F
1723,ğŸ§ğŸ»â€â™€,woman elf: light skin tone,People & Body,person-fantasy,1F9DD 1F3FB 200D 2640
1724,ğŸ§ğŸ¼â€â™€ï¸,woman elf: medium-light skin tone,People & Body,person-fantasy,1F9DD 1F3FC 200D 2640 FE0F
1725,ğŸ§ğŸ¼â€â™€,woman elf: medium-light skin tone,People & Body,person-fantasy,1F9DD 1F3FC 200D 2640
1726,ğŸ§ğŸ½â€â™€ï¸,woman elf: medium skin tone,People & Body,person-fantasy,1F9DD 1F3FD 200D 2640 FE0F
1727,ğŸ§ğŸ½â€â™€,woman elf: medium skin tone,People & Body,person-fantasy,1F9DD 1F3FD 200D 2640
1728,ğŸ§ğŸ¾â€â™€ï¸,woman elf: medium-dark skin tone,People & Body,person-fantasy,1F9DD 1F3FE 200D 2640 FE0F
1729,ğŸ§ğŸ¾â€â™€,woman elf: medium-dark skin tone,People & Body,person-fantasy,1F9DD 1F3FE 200D 2640
1730,ğŸ§ğŸ¿â€â™€ï¸,woman elf: dark skin tone,People & Body,person-fantasy,1F9DD 1F3FF 200D 2640 FE0F
1731,ğŸ§ğŸ¿â€â™€,woman elf: dark skin tone,People & Body,person-fantasy,1F9DD 1F3FF 200D 2640
1732,ğŸ§,genie,People & Body,person-fantasy,1F9DE
1733,ğŸ§â€â™‚ï¸,man genie,People & Body,person-fantasy,1F9DE 200D 2642 FE0F
1734,ğŸ§â€â™‚,man genie,People & Body,person-fantasy,1F9DE 200D 2642
1735,ğŸ§â€â™€ï¸,woman genie,People & Body,person-fantasy,1F9DE 200D 2640 FE0F
1736,ğŸ§â€â™€,woman genie,People & Body,person-fantasy,1F9DE 200D 2640
1737,ğŸ§Ÿ,zombie,People & Body,person-fantasy,1F9DF
1738,ğŸ§Ÿâ€â™‚ï¸,man zombie,People & Body,person-fantasy,1F9DF 200D 2642 FE0F
1739,ğŸ§Ÿâ€â™‚,man zombie,People & Body,person-fantasy,1F9DF 200D 2642
1740,ğŸ§Ÿâ€â™€ï¸,woman zombie,People & Body,person-fantasy,1F9DF 200D 2640 FE0F
1741,ğŸ§Ÿâ€â™€,woman zombie,People & Body,person-fantasy,1F9DF 200D 2640
2025,ğŸ§–ğŸ½â€â™€,woman in steamy room: medium skin tone,People & Body,person-activity,1F9D6 1F3FD 200D 2640
2026,ğŸ§–ğŸ¾â€â™€ï¸,woman in steamy room: medium-dark skin tone,People & Body,person-activity,1F9D6 1F3FE 200D 2640 FE0F
2027,ğŸ§–ğŸ¾â€â™€,woman in steamy room: medium-dark skin tone,People & Body,person-activity,1F9D6 1F3FE 200D 2640
2028,ğŸ§–ğŸ¿â€â™€ï¸,woman in steamy room: dark skin tone,People & Body,person-activity,1F9D6 1F3FF 200D 2640 FE0F
2029,ğŸ§–ğŸ¿â€â™€,woman in steamy room: dark skin tone,People & Body,person-activity,1F9D6 1F3FF 200D 2640
2030,ğŸ§—,person climbing,People & Body,person-activity,1F9D7
2031,ğŸ§—ğŸ»,person climbing: light skin tone,People & Body,person-activity,1F9D7 1F3FB
2032,ğŸ§—ğŸ¼,person climbing: medium-light skin tone,People & Body,person-activity,1F9D7 1F3FC
2033,ğŸ§—ğŸ½,person climbing: medium skin tone,People & Body,person-activity,1F9D7 1F3FD
2034,ğŸ§—ğŸ¾,person climbing: medium-dark skin tone,People & Body,person-activity,1F9D7 1F3FE
2035,ğŸ§—ğŸ¿,person climbing: dark skin tone,People & Body,person-activity,1F9D7 1F3FF
2036,ğŸ§—â€â™‚ï¸,man climbing,People & Body,person-activity,1F9D7 200D 2642 FE0F
2037,ğŸ§—â€â™‚,man climbing,People & Body,person-activity,1F9D7 200D 2642
2038,ğŸ§—ğŸ»â€â™‚ï¸,man climbing: light skin tone,People & Body,person-activity,1F9D7 1F3FB 200D 2642 FE0F
2039,ğŸ§—ğŸ»â€â™‚,man climbing: light skin tone,People & Body,person-activity,1F9D7 1F3FB 200D 2642
2040,ğŸ§—ğŸ¼â€â™‚ï¸,man climbing: medium-light skin tone,People & Body,person-activity,1F9D7 1F3FC 200D 2642 FE0F
2041,ğŸ§—ğŸ¼â€â™‚,man climbing: medium-light skin tone,People & Body,person-activity,1F9D7 1F3FC 200D 2642
2042,ğŸ§—ğŸ½â€â™‚ï¸,man climbing: medium skin tone,People & Body,person-activity,1F9D7 1F3FD 200D 2642 FE0F
2043,ğŸ§—ğŸ½â€â™‚,man climbing: medium skin tone,People & Body,person-activity,1F9D7 1F3FD 200D 2642
2044,ğŸ§—ğŸ¾â€â™‚ï¸,man climbing: medium-dark skin tone,People & Body,person-activity,1F9D7 1F3FE 200D 2642 FE0F
2045,ğŸ§—ğŸ¾â€â™‚,man climbing: medium-dark skin tone,People & Body,person-activity,1F9D7 1F3FE 200D 2642
2046,ğŸ§—ğŸ¿â€â™‚ï¸,man climbing: dark skin tone,People & Body,person-activity,1F9D7 1F3FF 200D 2642 FE0F
2047,ğŸ§—ğŸ¿â€â™‚,man climbing: dark skin tone,People & Body,person-activity,1F9D7 1F3FF 200D 2642
2048,ğŸ§—â€â™€ï¸,woman climbing,People & Body,person-activity,1F9D7 200D 2640 FE0F
2049,ğŸ§—â€â™€,woman climbing,People & Body,person-activity,1F9D7 200D 2640
2050,ğŸ§—ğŸ»â€â™€ï¸,woman climbing: light skin tone,People & Body,person-activity,1F9D7 1F3FB 200D 2640 FE0F
2051,ğŸ§—ğŸ»â€â™€,woman climbing: light skin tone,People & Body,person-activity,1F9D7 1F3FB 200D 2640
2052,ğŸ§—ğŸ¼â€â™€ï¸,woman climbing: medium-light skin tone,People & Body,person-activity,1F9D7 1F3FC 200D 2640 FE0F
2053,ğŸ§—ğŸ¼â€â™€,woman climbing: medium-light skin tone,People & Body,person-activity,1F9D7 1F3FC 200D 2640
2054,ğŸ§—ğŸ½â€â™€ï¸,woman climbing: medium skin tone,People & Body,person-activity,1F9D7 1F3FD 200D 2640 FE0F
2055,ğŸ§—ğŸ½â€â™€,woman climbing: medium skin tone,People & Body,person-activity,1F9D7 1F3FD 200D 2640
2056,ğŸ§—ğŸ¾â€â™€ï¸,woman climbing: medium-dark skin tone,People & Body,person-activity,1F9D7 1F3FE 200D 2640 FE0F
2057,ğŸ§—ğŸ¾â€â™€,woman climbing: medium-dark skin tone,People & Body,person-activity,1F9D7 1F3FE 200D 2640
2058,ğŸ§—ğŸ¿â€â™€ï¸,woman climbing: dark skin tone,People & Body,person-activity,1F9D7 1F3FF 200D 2640 FE0F
2059,ğŸ§—ğŸ¿â€â™€,woman climbing: dark skin tone,People & Body,person-activity,1F9D7 1F3FF 200D 2640
2420,ğŸ¤¾ğŸ½â€â™€,woman playing handball: medium skin tone,People & Body,person-sport,1F93E 1F3FD 200D 2640
2421,ğŸ¤¾ğŸ¾â€â™€ï¸,woman playing handball: medium-dark skin tone,People & Body,person-sport,1F93E 1F3FE 200D 2640 FE0F
2422,ğŸ¤¾ğŸ¾â€â™€,woman playing handball: medium-dark skin tone,People & Body,person-sport,1F93E 1F3FE 200D 2640
2423,ğŸ¤¾ğŸ¿â€â™€ï¸,woman playing handball: dark skin tone,People & Body,person-sport,1F93E 1F3FF 200D 2640 FE0F
2424,ğŸ¤¾ğŸ¿â€â™€,woman playing handball: dark skin tone,People & Body,person-sport,1F93E 1F3FF 200D 2640
2425,ğŸ¤¹,person juggling,People & Body,person-sport,1F939
2426,ğŸ¤¹ğŸ»,person juggling: light skin tone,People & Body,person-sport,1F939 1F3FB
2427,ğŸ¤¹ğŸ¼,person juggling: medium-light skin tone,People & Body,person-sport,1F939 1F3FC
2428,ğŸ¤¹ğŸ½,person juggling: medium skin tone,People & Body,person-sport,1F939 1F3FD
2429,ğŸ¤¹ğŸ¾,person juggling: medium-dark skin tone,People & Body,person-sport,1F939 1F3FE
2430,ğŸ¤¹ğŸ¿,person juggling: dark skin tone,People & Body,person-sport,1F939 1F3FF
2431,ğŸ¤¹â€â™‚ï¸,man juggling,People & Body,person-sport,1F939 200D 2642 FE0F
2432,ğŸ¤¹â€â™‚,man juggling,People & Body,person-sport,1F939 200D 2642
2433,ğŸ¤¹ğŸ»â€â™‚ï¸,man juggling: light skin tone,People & Body,person-sport,1F939 1F3FB 200D 2642 FE0F
2434,ğŸ¤¹ğŸ»â€â™‚,man juggling: light skin tone,People & Body,person-sport,1F939 1F3FB 200D 2642
2435,ğŸ¤¹ğŸ¼â€â™‚ï¸,man juggling: medium-light skin tone,People & Body,person-sport,1F939 1F3FC 200D 2642 FE0F
2436,ğŸ¤¹ğŸ¼â€â™‚,man juggling: medium-light skin tone,People & Body,person-sport,1F939 1F3FC 200D 2642
2437,ğŸ¤¹ğŸ½â€â™‚ï¸,man juggling: medium skin tone,People & Body,person-sport,1F939 1F3FD 200D 2642 FE0F
2438,ğŸ¤¹ğŸ½â€â™‚,man juggling: medium skin tone,People & Body,person-sport,1F939 1F3FD 200D 2642
2439,ğŸ¤¹ğŸ¾â€â™‚ï¸,man juggling: medium-dark skin tone,People & Body,person-sport,1F939 1F3FE 200D 2642 FE0F
2440,ğŸ¤¹ğŸ¾â€â™‚,man juggling: medium-dark skin tone,People & Body,person-sport,1F939 1F3FE 200D 2642
2441,ğŸ¤¹ğŸ¿â€â™‚ï¸,man juggling: dark skin tone,People & Body,person-sport,1F939 1F3FF 200D 2642 FE0F
2442,ğŸ¤¹ğŸ¿â€â™‚,man juggling: dark skin tone,People & Body,person-sport,1F939 1F3FF 200D 2642
2443,ğŸ¤¹â€â™€ï¸,woman juggling,People & Body,person-sport,1F939 200D 2640 FE0F
2444,ğŸ¤¹â€â™€,woman juggling,People & Body,person-sport,1F939 200D 2640
2445,ğŸ¤¹ğŸ»â€â™€ï¸,woman juggling: light skin tone,People & Body,person-sport,1F939 1F3FB 200D 2640 FE0F
2446,ğŸ¤¹ğŸ»â€â™€,woman juggling: light skin tone,People & Body,person-sport,1F939 1F3FB 200D 2640
2447,ğŸ¤¹ğŸ¼â€â™€ï¸,woman juggling: medium-light skin tone,People & Body,person-sport,1F939 1F3FC 200D 2640 FE0F
2448,ğŸ¤¹ğŸ¼â€â™€,woman juggling: medium-light skin tone,People & Body,person-sport,1F939 1F3FC 200D 2640
2449,ğŸ¤¹ğŸ½â€â™€ï¸,woman juggling: medium skin tone,People & Body,person-sport,1F939 1F3FD 200D 2640 FE0F
2450,ğŸ¤¹ğŸ½â€â™€,woman juggling: medium skin tone,People & Body,person-sport,1F939 1F3FD 200D 2640
2451,ğŸ¤¹ğŸ¾â€â™€ï¸,woman juggling: medium-dark skin tone,People & Body,person-sport,1F939 1F3FE 200D 2640 FE0F
2452,ğŸ¤¹ğŸ¾â€â™€,woman juggling: medium-dark skin tone,People & Body,person-sport,1F939 1F3FE 200D 2640
2453,ğŸ¤¹ğŸ¿â€â™€ï¸,woman juggling: dark skin tone,People & Body,person-sport,1F939 1F3FF 200D 2640 FE0F
2454,ğŸ¤¹ğŸ¿â€â™€,woman juggling: dark skin tone,People & Body,person-sport,1F939 1F3FF 200D 2640
2462,ğŸ§˜â€â™‚,man in lotus position,People & Body,person-resting,1F9D8 200D 2642
2463,ğŸ§˜ğŸ»â€â™‚ï¸,man in lotus position: light skin tone,People & Body,person-resting,1F9D8 1F3FB 200D 2642 FE0F
2464,ğŸ§˜ğŸ»â€â™‚,man in lotus position: light skin tone,People & Body,person-resting,1F9D8 1F3FB 200D 2642
2465,ğŸ§˜ğŸ¼â€â™‚ï¸,man in lotus position: medium-light skin tone,People & Body,person-resting,1F9D8 1F3FC 200D 2642 FE0F
2466,ğŸ§˜ğŸ¼â€â™‚,man in lotus position: medium-light skin tone,People & Body,person-resting,1F9D8 1F3FC 200D 2642
2467,ğŸ§˜ğŸ½â€â™‚ï¸,man in lotus position: medium skin tone,People & Body,person-resting,1F9D8 1F3FD 200D 2642 FE0F
2468,ğŸ§˜ğŸ½â€â™‚,man in lotus position: medium skin tone,People & Body,person-resting,1F9D8 1F3FD 200D 2642
2469,ğŸ§˜ğŸ¾â€â™‚ï¸,man in lotus position: medium-dark skin tone,People & Body,person-resting,1F9D8 1F3FE 200D 2642 FE0F
2470,ğŸ§˜ğŸ¾â€â™‚,man in lotus position: medium-dark skin tone,People & Body,person-resting,1F9D8 1F3FE 200D 2642
2471,ğŸ§˜ğŸ¿â€â™‚ï¸,man in lotus position: dark skin tone,People & Body,person-resting,1F9D8 1F3FF 200D 2642 FE0F
2472,ğŸ§˜ğŸ¿â€â™‚,man in lotus position: dark skin tone,People & Body,person-resting,1F9D8 1F3FF 200D 2642
2473,ğŸ§˜â€â™€ï¸,woman in lotus position,People & Body,person-resting,1F9D8 200D 2640 FE0F
2474,ğŸ§˜â€â™€,woman in lotus position,People & Body,person-resting,1F9D8 200D 2640
2475,ğŸ§˜ğŸ»â€â™€ï¸,woman in lotus position: light skin tone,People & Body,person-resting,1F9D8 1F3FB 200D 2640 FE0F
2476,ğŸ§˜ğŸ»â€â™€,woman in lotus position: light skin tone,People & Body,person-resting,1F9D8 1F3FB 200D 2640
2477,ğŸ§˜ğŸ¼â€â™€ï¸,woman in lotus position: medium-light skin tone,People & Body,person-resting,1F9D8 1F3FC 200D 2640 FE0F
2478,ğŸ§˜ğŸ¼â€â™€,woman in lotus position: medium-light skin tone,People & Body,person-resting,1F9D8 1F3FC 200D 2640
2479,ğŸ§˜ğŸ½â€â™€ï¸,woman in lotus position: medium skin tone,People & Body,person-resting,1F9D8 1F3FD 200D 2640 FE0F
2480,ğŸ§˜ğŸ½â€â™€,woman in lotus position: medium skin tone,People & Body,person-resting,1F9D8 1F3FD 200D 2640
2481,ğŸ§˜ğŸ¾â€â™€ï¸,woman in lotus position: medium-dark skin tone,People & Body,person-resting,1F9D8 1F3FE 200D 2640 FE0F
2482,ğŸ§˜ğŸ¾â€â™€,woman in lotus position: medium-dark skin tone,People & Body,person-resting,1F9D8 1F3FE 200D 2640
2483,ğŸ§˜ğŸ¿â€â™€ï¸,woman in lotus position: dark skin tone,People & Body,person-resting,1F9D8 1F3FF 200D 2640 FE0F
2484,ğŸ§˜ğŸ¿â€â™€,woman in lotus position: dark skin tone,People & Body,person-resting,1F9D8 1F3FF 200D 2640
2485,ğŸ›€,person taking bath,People & Body,person-resting,1F6C0
2486,ğŸ›€ğŸ»,person taking bath: light skin tone,People & Body,person-resting,1F6C0 1F3FB
2487,ğŸ›€ğŸ¼,person taking bath: medium-light skin tone,People & Body,person-resting,1F6C0 1F3FC
2488,ğŸ›€ğŸ½,person taking bath: medium skin tone,People & Body,person-resting,1F6C0 1F3FD
2489,ğŸ›€ğŸ¾,person taking bath: medium-dark skin tone,People & Body,person-resting,1F6C0 1F3FE
2490,ğŸ›€ğŸ¿,person taking bath: dark skin tone,People & Body,person-resting,1F6C0 1F3FF
2491,ğŸ›Œ,person in bed,People & Body,person-resting,1F6CC
2492,ğŸ›ŒğŸ»,person in bed: light skin tone,People & Body,person-resting,1F6CC 1F3FB
2493,ğŸ›ŒğŸ¼,person in bed: medium-light skin tone,People & Body,person-resting,1F6CC 1F3FC
2494,ğŸ›ŒğŸ½,person in bed: medium skin tone,People & Body,person-resting,1F6CC 1F3FD
2495,ğŸ›ŒğŸ¾,person in bed: medium-dark skin tone,People & Body,person-resting,1F6CC 1F3FE
2496,ğŸ›ŒğŸ¿,person in bed: dark skin tone,People & Body,person-resting,1F6CC 1F3FF
2606,ğŸ‘©â€â¤ï¸â€ğŸ’‹â€ğŸ‘©,"kiss: woman, woman",People & Body,family,1F469 200D 2764 FE0F 200D 1F48B 200D 1F469
2607,ğŸ‘©â€â¤â€ğŸ’‹â€ğŸ‘©,"kiss: woman, woman",People & Body,family,1F469 200D 2764 200D 1F48B 200D 1F469
2608,ğŸ’‘,couple with heart,People & Body,family,1F491
2609,ğŸ‘©â€â¤ï¸â€ğŸ‘¨,"couple with heart: woman, man",People & Body,family,1F469 200D 2764 FE0F 200D 1F468
2610,ğŸ‘©â€â¤â€ğŸ‘¨,"couple with heart: woman, man",People & Body,family,1F469 200D 2764 200D 1F468
2611,ğŸ‘¨â€â¤ï¸â€ğŸ‘¨,"couple with heart: man, man",People & Body,family,1F468 200D 2764 FE0F 200D 1F468
2612,ğŸ‘¨â€â¤â€ğŸ‘¨,"couple with heart: man, man",People & Body,family,1F468 200D 2764 200D 1F468
2613,ğŸ‘©â€â¤ï¸â€ğŸ‘©,"couple with heart: woman, woman",People & Body,family,1F469 200D 2764 FE0F 200D 1F469
2614,ğŸ‘©â€â¤â€ğŸ‘©,"couple with heart: woman, woman",People & Body,family,1F469 200D 2764 200D 1F469
2615,ğŸ‘ª,family,People & Body,family,1F46A
2616,ğŸ‘¨â€ğŸ‘©â€ğŸ‘¦,"family: man, woman, boy",People & Body,family,1F468 200D 1F469 200D 1F466
2617,ğŸ‘¨â€ğŸ‘©â€ğŸ‘§,"family: man, woman, girl",People & Body,family,1F468 200D 1F469 200D 1F467
2618,ğŸ‘¨â€ğŸ‘©â€ğŸ‘§â€ğŸ‘¦,"family: man, woman, girl, boy",People & Body,family,1F468 200D 1F469 200D 1F467 200D 1F466
2619,ğŸ‘¨â€ğŸ‘©â€ğŸ‘¦â€ğŸ‘¦,"family: man, woman, boy, boy",People & Body,family,1F468 200D 1F469 200D 1F466 200D 1F466
2620,ğŸ‘¨â€ğŸ‘©â€ğŸ‘§â€ğŸ‘§,"family: man, woman, girl, girl",People & Body,family,1F468 200D 1F469 200D 1F467 200D 1F467
2621,ğŸ‘¨â€ğŸ‘¨â€ğŸ‘¦,"family: man, man, boy",People & Body,family,1F468 200D 1F468 200D 1F466
2622,ğŸ‘¨â€ğŸ‘¨â€ğŸ‘§,"family: man, man, girl",People & Body,family,1F468 200D 1F468 200D 1F467
2623,ğŸ‘¨â€ğŸ‘¨â€ğŸ‘§â€ğŸ‘¦,"family: man, man, girl, boy",People & Body,family,1F468 200D 1F468 200D 1F467 200D 1F466
2624,ğŸ‘¨â€ğŸ‘¨â€ğŸ‘¦â€ğŸ‘¦,"family: man, man, boy, boy",People & Body,family,1F468 200D 1F468 200D 1F466 200D 1F466
2625,ğŸ‘¨â€ğŸ‘¨â€ğŸ‘§â€ğŸ‘§,"family: man, man, girl, girl",People & Body,family,1F468 200D 1F468 200D 1F467 200D 1F467
2626,ğŸ‘©â€ğŸ‘©â€ğŸ‘¦,"family: woman, woman, boy",People & Body,family,1F469 200D 1F469 200D 1F466
2627,ğŸ‘©â€ğŸ‘©â€ğŸ‘§,"family: woman, woman, girl",People & Body,family,1F469 200D 1F469 200D 1F467
2628,ğŸ‘©â€ğŸ‘©â€ğŸ‘§â€ğŸ‘¦,"family: woman, woman, girl, boy",People & Body,family,1F469 200D 1F469 200D 1F467 200D 1F466
2629,ğŸ‘©â€ğŸ‘©â€ğŸ‘¦â€ğŸ‘¦,"family: woman, woman, boy, boy",People & Body,family,1F469 200D 1F469 200D 1F466 200D 1F466
2630,ğŸ‘©â€ğŸ‘©â€ğŸ‘§â€ğŸ‘§,"family: woman, woman, girl, girl",People & Body,family,1F469 200D 1F469 200D 1F467 200D 1F467
2631,ğŸ‘¨â€ğŸ‘¦,"family: man, boy",People & Body,family,1F468 200D 1F466
2632,ğŸ‘¨â€ğŸ‘¦â€ğŸ‘¦,"family: man, boy, boy",People & Body,family,1F468 200D 1F466 200D 1F466
2633,ğŸ‘¨â€ğŸ‘§,"family: man, girl",People & Body,family,1F468 200D 1F467
2634,ğŸ‘¨â€ğŸ‘§â€ğŸ‘¦,"family: man, girl, boy",People & Body,family,1F468 200D 1F467 200D 1F466
2635,ğŸ‘¨â€ğŸ‘§â€ğŸ‘§,"family: man, girl, girl",People & Body,family,1F468 200D 1F467 200D 1F467
2636,ğŸ‘©â€ğŸ‘¦,"family: woman, boy",People & Body,family,1F469 200D 1F466
2637,ğŸ‘©â€ğŸ‘¦â€ğŸ‘¦,"family: woman, boy, boy",People & Body,family,1F469 200D 1F466 200D 1F466
2638,ğŸ‘©â€ğŸ‘§,"family: woman, girl",People & Body,family,1F469 200D 1F467
2639,ğŸ‘©â€ğŸ‘§â€ğŸ‘¦,"family: woman, girl, boy",People & Body,family,1F469 200D 1F467 200D 1F466
2640,ğŸ‘©â€ğŸ‘§â€ğŸ‘§,"family: woman, girl, girl",People & Body,family,1F469 200D 1F467 200D 1F467
2678,ğŸ—,boar,Animals & Nature,animal-mammal,1F417
2679,ğŸ½,pig nose,Animals & Nature,animal-mammal,1F43D
2680,ğŸ,ram,Animals & Nature,animal-mammal,1F40F
2681,ğŸ‘,ewe,Animals & Nature,animal-mammal,1F411
2682,ğŸ,goat,Animals & Nature,animal-mammal,1F410
2683,ğŸª,camel,Animals & Nature,animal-mammal,1F42A
2684,ğŸ«,two-hump camel,Animals & Nature,animal-mammal,1F42B
2685,ğŸ¦™,llama,Animals & Nature,animal-mammal,1F999
2686,ğŸ¦’,giraffe,Animals & Nature,animal-mammal,1F992
2687,ğŸ˜,elephant,Animals & Nature,animal-mammal,1F418
2688,ğŸ¦£,mammoth,Animals & Nature,animal-mammal,1F9A3
2689,ğŸ¦,rhinoceros,Animals & Nature,animal-mammal,1F98F
2690,ğŸ¦›,hippopotamus,Animals & Nature,animal-mammal,1F99B
2691,ğŸ­,mouse face,Animals & Nature,animal-mammal,1F42D
2692,ğŸ,mouse,Animals & Nature,animal-mammal,1F401
2693,ğŸ€,rat,Animals & Nature,animal-mammal,1F400
2694,ğŸ¹,hamster,Animals & Nature,animal-mammal,1F439
2695,ğŸ°,rabbit face,Animals & Nature,animal-mammal,1F430
2696,ğŸ‡,rabbit,Animals & Nature,animal-mammal,1F407
2697,ğŸ¿ï¸,chipmunk,Animals & Nature,animal-mammal,1F43F FE0F
2698,ğŸ¿,chipmunk,Animals & Nature,animal-mammal,1F43F
2699,ğŸ¦«,beaver,Animals & Nature,animal-mammal,1F9AB
2700,ğŸ¦”,hedgehog,Animals & Nature,animal-mammal,1F994
2701,ğŸ¦‡,bat,Animals & Nature,animal-mammal,1F987
2702,ğŸ»,bear,Animals & Nature,animal-mammal,1F43B
2703,ğŸ»â€â„ï¸,polar bear,Animals & Nature,animal-mammal,1F43B 200D 2744 FE0F
2704,ğŸ»â€â„,polar bear,Animals & Nature,animal-mammal,1F43B 200D 2744
2705,ğŸ¨,koala,Animals & Nature,animal-mammal,1F428
2706,ğŸ¼,panda,Animals & Nature,animal-mammal,1F43C
2707,ğŸ¦¥,sloth,Animals & Nature,animal-mammal,1F9A5
2708,ğŸ¦¦,otter,Animals & Nature,animal-mammal,1F9A6
2709,ğŸ¦¨,skunk,Animals & Nature,animal-mammal,1F9A8
2710,ğŸ¦˜,kangaroo,Animals & Nature,animal-mammal,1F998
2711,ğŸ¦¡,badger,Animals & Nature,animal-mammal,1F9A1
2712,ğŸ¾,paw prints,Animals & Nature,animal-mammal,1F43E
3025,ğŸš”,oncoming police car,Travel & Places,transport-ground,1F694
3026,ğŸš•,taxi,Travel & Places,transport-ground,1F695
3027,ğŸš–,oncoming taxi,Travel & Places,transport-ground,1F696
3028,ğŸš—,automobile,Travel & Places,transport-ground,1F697
3029,ğŸš˜,oncoming automobile,Travel & Places,transport-ground,1F698
3030,ğŸš™,sport utility vehicle,Travel & Places,transport-ground,1F699
3031,ğŸ›»,pickup truck,Travel & Places,transport-ground,1F6FB
3032,ğŸšš,delivery truck,Travel & Places,transport-ground,1F69A
3033,ğŸš›,articulated lorry,Travel & Places,transport-ground,1F69B
3034,ğŸšœ,tractor,Travel & Places,transport-ground,1F69C
3035,ğŸï¸,racing car,Travel & Places,transport-ground,1F3CE FE0F
3036,ğŸ,racing car,Travel & Places,transport-ground,1F3CE
3037,ğŸï¸,motorcycle,Travel & Places,transport-ground,1F3CD FE0F
3038,ğŸ,motorcycle,Travel & Places,transport-ground,1F3CD
3039,ğŸ›µ,motor scooter,Travel & Places,transport-ground,1F6F5
3040,ğŸ¦½,manual wheelchair,Travel & Places,transport-ground,1F9BD
3041,ğŸ¦¼,motorized wheelchair,Travel & Places,transport-ground,1F9BC
3042,ğŸ›º,auto rickshaw,Travel & Places,transport-ground,1F6FA
3043,ğŸš²,bicycle,Travel & Places,transport-ground,1F6B2
3044,ğŸ›´,kick scooter,Travel & Places,transport-ground,1F6F4
3045,ğŸ›¹,skateboard,Travel & Places,transport-ground,1F6F9
3046,ğŸ›¼,roller skate,Travel & Places,transport-ground,1F6FC
3047,ğŸš,bus stop,Travel & Places,transport-ground,1F68F
3048,ğŸ›£ï¸,motorway,Travel & Places,transport-ground,1F6E3 FE0F
3049,ğŸ›£,motorway,Travel & Places,transport-ground,1F6E3
3050,ğŸ›¤ï¸,railway track,Travel & Places,transport-ground,1F6E4 FE0F
3051,ğŸ›¤,railway track,Travel & Places,transport-ground,1F6E4
3052,ğŸ›¢ï¸,oil drum,Travel & Places,transport-ground,1F6E2 FE0F
3053,ğŸ›¢,oil drum,Travel & Places,transport-ground,1F6E2
3054,â›½,fuel pump,Travel & Places,transport-ground,26FD
3055,ğŸš¨,police car light,Travel & Places,transport-ground,1F6A8
3056,ğŸš¥,horizontal traffic light,Travel & Places,transport-ground,1F6A5
3057,ğŸš¦,vertical traffic light,Travel & Places,transport-ground,1F6A6
3058,ğŸ›‘,stop sign,Travel & Places,transport-ground,1F6D1
3059,ğŸš§,construction,Travel & Places,transport-ground,1F6A7
3154,ğŸŒ¥ï¸,sun behind large cloud,Travel & Places,sky & weather,1F325 FE0F
3155,ğŸŒ¥,sun behind large cloud,Travel & Places,sky & weather,1F325
3156,ğŸŒ¦ï¸,sun behind rain cloud,Travel & Places,sky & weather,1F326 FE0F
3157,ğŸŒ¦,sun behind rain cloud,Travel & Places,sky & weather,1F326
3158,ğŸŒ§ï¸,cloud with rain,Travel & Places,sky & weather,1F327 FE0F
3159,ğŸŒ§,cloud with rain,Travel & Places,sky & weather,1F327
3160,ğŸŒ¨ï¸,cloud with snow,Travel & Places,sky & weather,1F328 FE0F
3161,ğŸŒ¨,cloud with snow,Travel & Places,sky & weather,1F328
3162,ğŸŒ©ï¸,cloud with lightning,Travel & Places,sky & weather,1F329 FE0F
3163,ğŸŒ©,cloud with lightning,Travel & Places,sky & weather,1F329
3164,ğŸŒªï¸,tornado,Travel & Places,sky & weather,1F32A FE0F
3165,ğŸŒª,tornado,Travel & Places,sky & weather,1F32A
3166,ğŸŒ«ï¸,fog,Travel & Places,sky & weather,1F32B FE0F
3167,ğŸŒ«,fog,Travel & Places,sky & weather,1F32B
3168,ğŸŒ¬ï¸,wind face,Travel & Places,sky & weather,1F32C FE0F
3169,ğŸŒ¬,wind face,Travel & Places,sky & weather,1F32C
3170,ğŸŒ€,cyclone,Travel & Places,sky & weather,1F300
3171,ğŸŒˆ,rainbow,Travel & Places,sky & weather,1F308
3172,ğŸŒ‚,closed umbrella,Travel & Places,sky & weather,1F302
3173,â˜‚ï¸,umbrella,Travel & Places,sky & weather,2602 FE0F
3174,â˜‚,umbrella,Travel & Places,sky & weather,2602
3175,â˜”,umbrella with rain drops,Travel & Places,sky & weather,2614
3176,â›±ï¸,umbrella on ground,Travel & Places,sky & weather,26F1 FE0F
3177,â›±,umbrella on ground,Travel & Places,sky & weather,26F1
3178,âš¡,high voltage,Travel & Places,sky & weather,26A1
3179,â„ï¸,snowflake,Travel & Places,sky & weather,2744 FE0F
3180,â„,snowflake,Travel & Places,sky & weather,2744
3181,â˜ƒï¸,snowman,Travel & Places,sky & weather,2603 FE0F
3182,â˜ƒ,snowman,Travel & Places,sky & weather,2603
3183,â›„,snowman without snow,Travel & Places,sky & weather,26C4
3184,â˜„ï¸,comet,Travel & Places,sky & weather,2604 FE0F
3185,â˜„,comet,Travel & Places,sky & weather,2604
3186,ğŸ”¥,fire,Travel & Places,sky & weather,1F525
3187,ğŸ’§,droplet,Travel & Places,sky & weather,1F4A7
3188,ğŸŒŠ,water wave,Travel & Places,sky & weather,1F30A
3297,ğŸ‘—,dress,Objects,clothing,1F457
3298,ğŸ‘˜,kimono,Objects,clothing,1F458
3299,ğŸ¥»,sari,Objects,clothing,1F97B
3300,ğŸ©±,one-piece swimsuit,Objects,clothing,1FA71
3301,ğŸ©²,briefs,Objects,clothing,1FA72
3302,ğŸ©³,shorts,Objects,clothing,1FA73
3303,ğŸ‘™,bikini,Objects,clothing,1F459
3304,ğŸ‘š,womanâ€™s clothes,Objects,clothing,1F45A
3305,ğŸ‘›,purse,Objects,clothing,1F45B
3306,ğŸ‘œ,handbag,Objects,clothing,1F45C
3307,ğŸ‘,clutch bag,Objects,clothing,1F45D
3308,ğŸ›ï¸,shopping bags,Objects,clothing,1F6CD FE0F
3309,ğŸ›,shopping bags,Objects,clothing,1F6CD
3310,ğŸ’,backpack,Objects,clothing,1F392
3311,ğŸ©´,thong sandal,Objects,clothing,1FA74
3312,ğŸ‘,manâ€™s shoe,Objects,clothing,1F45E
3313,ğŸ‘Ÿ,running shoe,Objects,clothing,1F45F
3314,ğŸ¥¾,hiking boot,Objects,clothing,1F97E
3315,ğŸ¥¿,flat shoe,Objects,clothing,1F97F
3316,ğŸ‘ ,high-heeled shoe,Objects,clothing,1F460
3317,ğŸ‘¡,womanâ€™s sandal,Objects,clothing,1F461
3318,ğŸ©°,ballet shoes,Objects,clothing,1FA70
3319,ğŸ‘¢,womanâ€™s boot,Objects,clothing,1F462
3320,ğŸ‘‘,crown,Objects,clothing,1F451
3321,ğŸ‘’,womanâ€™s hat,Objects,clothing,1F452
3322,ğŸ©,top hat,Objects,clothing,1F3A9
3323,ğŸ“,graduation cap,Objects,clothing,1F393
3324,ğŸ§¢,billed cap,Objects,clothing,1F9E2
3325,ğŸª–,military helmet,Objects,clothing,1FA96
3326,â›‘ï¸,rescue workerâ€™s helmet,Objects,clothing,26D1 FE0F
3327,â›‘,rescue workerâ€™s helmet,Objects,clothing,26D1
3328,ğŸ“¿,prayer beads,Objects,clothing,1F4FF
3329,ğŸ’„,lipstick,Objects,clothing,1F484
3330,ğŸ’,ring,Objects,clothing,1F48D
3331,ğŸ’,gem stone,Objects,clothing,1F48E
3501,ğŸ”¨,hammer,Objects,tool,1F528
3502,ğŸª“,axe,Objects,tool,1FA93
3503,â›ï¸,pick,Objects,tool,26CF FE0F
3504,â›,pick,Objects,tool,26CF
3505,âš’ï¸,hammer and pick,Objects,tool,2692 FE0F
3506,âš’,hammer and pick,Objects,tool,2692
3507,ğŸ› ï¸,hammer and wrench,Objects,tool,1F6E0 FE0F
3508,ğŸ› ,hammer and wrench,Objects,tool,1F6E0
3509,ğŸ—¡ï¸,dagger,Objects,tool,1F5E1 FE0F
3510,ğŸ—¡,dagger,Objects,tool,1F5E1
3511,âš”ï¸,crossed swords,Objects,tool,2694 FE0F
3512,âš”,crossed swords,Objects,tool,2694
3513,ğŸ”«,pistol,Objects,tool,1F52B
3514,ğŸªƒ,boomerang,Objects,tool,1FA83
3515,ğŸ¹,bow and arrow,Objects,tool,1F3F9
3516,ğŸ›¡ï¸,shield,Objects,tool,1F6E1 FE0F
3517,ğŸ›¡,shield,Objects,tool,1F6E1
3518,ğŸªš,carpentry saw,Objects,tool,1FA9A
3519,ğŸ”§,wrench,Objects,tool,1F527
3520,ğŸª›,screwdriver,Objects,tool,1FA9B
3521,ğŸ”©,nut and bolt,Objects,tool,1F529
3522,âš™ï¸,gear,Objects,tool,2699 FE0F
3523,âš™,gear,Objects,tool,2699
3524,ğŸ—œï¸,clamp,Objects,tool,1F5DC FE0F
3525,ğŸ—œ,clamp,Objects,tool,1F5DC
3526,âš–ï¸,balance scale,Objects,tool,2696 FE0F
3527,âš–,balance scale,Objects,tool,2696
3528,ğŸ¦¯,white cane,Objects,tool,1F9AF
3529,ğŸ”—,link,Objects,tool,1F517
3530,â›“ï¸,chains,Objects,tool,26D3 FE0F
3531,â›“,chains,Objects,tool,26D3
3532,ğŸª,hook,Objects,tool,1FA9D
3533,ğŸ§°,toolbox,Objects,tool,1F9F0
3534,ğŸ§²,magnet,Objects,tool,1F9F2
3535,ğŸªœ,ladder,Objects,tool,1FA9C
3612,â¬†ï¸,up arrow,Symbols,arrow,2B06 FE0F
3613,â¬†,up arrow,Symbols,arrow,2B06
3614,â†—ï¸,up-right arrow,Symbols,arrow,2197 FE0F
3615,â†—,up-right arrow,Symbols,arrow,2197
3616,â¡ï¸,right arrow,Symbols,arrow,27A1 FE0F
3617,â¡,right arrow,Symbols,arrow,27A1
3618,â†˜ï¸,down-right arrow,Symbols,arrow,2198 FE0F
3619,â†˜,down-right arrow,Symbols,arrow,2198
3620,â¬‡ï¸,down arrow,Symbols,arrow,2B07 FE0F
3621,â¬‡,down arrow,Symbols,arrow,2B07
3622,â†™ï¸,down-left arrow,Symbols,arrow,2199 FE0F
3623,â†™,down-left arrow,Symbols,arrow,2199
3624,â¬…ï¸,left arrow,Symbols,arrow,2B05 FE0F
3625,â¬…,left arrow,Symbols,arrow,2B05
3626,â†–ï¸,up-left arrow,Symbols,arrow,2196 FE0F
3627,â†–,up-left arrow,Symbols,arrow,2196
3628,â†•ï¸,up-down arrow,Symbols,arrow,2195 FE0F
3629,â†•,up-down arrow,Symbols,arrow,2195
3630,â†”ï¸,left-right arrow,Symbols,arrow,2194 FE0F
3631,â†”,left-right arrow,Symbols,arrow,2194
3632,â†©ï¸,right arrow curving left,Symbols,arrow,21A9 FE0F
3633,â†©,right arrow curving left,Symbols,arrow,21A9
3634,â†ªï¸,left arrow curving right,Symbols,arrow,21AA FE0F
3635,â†ª,left arrow curving right,Symbols,arrow,21AA
3636,â¤´ï¸,right arrow curving up,Symbols,arrow,2934 FE0F
3637,â¤´,right arrow curving up,Symbols,arrow,2934
3638,â¤µï¸,right arrow curving down,Symbols,arrow,2935 FE0F
3639,â¤µ,right arrow curving down,Symbols,arrow,2935
3640,ğŸ”ƒ,clockwise vertical arrows,Symbols,arrow,1F503
3641,ğŸ”„,counterclockwise arrows button,Symbols,arrow,1F504
3642,ğŸ”™,BACK arrow,Symbols,arrow,1F519
3643,ğŸ”š,END arrow,Symbols,arrow,1F51A
3644,ğŸ”›,ON! arrow,Symbols,arrow,1F51B
3645,ğŸ”œ,SOON arrow,Symbols,arrow,1F51C
3646,ğŸ”,TOP arrow,Symbols,arrow,1F51D
3811,â„¹,information,Symbols,alphanum,2139
3812,ğŸ†”,ID button,Symbols,alphanum,1F194
3813,â“‚ï¸,circled M,Symbols,alphanum,24C2 FE0F
3814,â“‚,circled M,Symbols,alphanum,24C2
3815,ğŸ†•,NEW button,Symbols,alphanum,1F195
3816,ğŸ†–,NG button,Symbols,alphanum,1F196
3817,ğŸ…¾ï¸,O button (blood type),Symbols,alphanum,1F17E FE0F
3818,ğŸ…¾,O button (blood type),Symbols,alphanum,1F17E
3819,ğŸ†—,OK button,Symbols,alphanum,1F197
3820,ğŸ…¿ï¸,P button,Symbols,alphanum,1F17F FE0F
3821,ğŸ…¿,P button,Symbols,alphanum,1F17F
3822,ğŸ†˜,SOS button,Symbols,alphanum,1F198
3823,ğŸ†™,UP! button,Symbols,alphanum,1F199
3824,ğŸ†š,VS button,Symbols,alphanum,1F19A
3825,ğŸˆ,Japanese â€œhereâ€ button,Symbols,alphanum,1F201
3826,ğŸˆ‚ï¸,Japanese â€œservice chargeâ€ button,Symbols,alphanum,1F202 FE0F
3827,ğŸˆ‚,Japanese â€œservice chargeâ€ button,Symbols,alphanum,1F202
3828,ğŸˆ·ï¸,Japanese â€œmonthly amountâ€ button,Symbols,alphanum,1F237 FE0F
3829,ğŸˆ·,Japanese â€œmonthly amountâ€ button,Symbols,alphanum,1F237
3830,ğŸˆ¶,Japanese â€œnot free of chargeâ€ button,Symbols,alphanum,1F236
3831,ğŸˆ¯,Japanese â€œreservedâ€ button,Symbols,alphanum,1F22F
3832,ğŸ‰,Japanese â€œbargainâ€ button,Symbols,alphanum,1F250
3833,ğŸˆ¹,Japanese â€œdiscountâ€ button,Symbols,alphanum,1F239
3834,ğŸˆš,Japanese â€œfree of chargeâ€ button,Symbols,alphanum,1F21A
3835,ğŸˆ²,Japanese â€œprohibitedâ€ button,Symbols,alphanum,1F232
3836,ğŸ‰‘,Japanese â€œacceptableâ€ button,Symbols,alphanum,1F251
3837,ğŸˆ¸,Japanese â€œapplicationâ€ button,Symbols,alphanum,1F238
3838,ğŸˆ´,Japanese â€œpassing gradeâ€ button,Symbols,alphanum,1F234
3839,ğŸˆ³,Japanese â€œvacancyâ€ button,Symbols,alphanum,1F233
3840,ãŠ—ï¸,Japanese â€œcongratulationsâ€ button,Symbols,alphanum,3297 FE0F
3841,ãŠ—,Japanese â€œcongratulationsâ€ button,Symbols,alphanum,3297
3842,ãŠ™ï¸,Japanese â€œsecretâ€ button,Symbols,alphanum,3299 FE0F
3843,ãŠ™,Japanese â€œsecretâ€ button,Symbols,alphanum,3299
3844,ğŸˆº,Japanese â€œopen for businessâ€ button,Symbols,alphanum,1F23A
3845,ğŸˆµ,Japanese â€œno vacancyâ€ button,Symbols,alphanum,1F235
3849,ğŸŸ¢,green circle,Symbols,geometric,1F7E2
3850,ğŸ”µ,blue circle,Symbols,geometric,1F535
3851,ğŸŸ£,purple circle,Symbols,geometric,1F7E3
3852,ğŸŸ¤,brown circle,Symbols,geometric,1F7E4
3853,âš«,black circle,Symbols,geometric,26AB
3854,âšª,white circle,Symbols,geometric,26AA
3855,ğŸŸ¥,red square,Symbols,geometric,1F7E5
3856,ğŸŸ§,orange square,Symbols,geometric,1F7E7
3857,ğŸŸ¨,yellow square,Symbols,geometric,1F7E8
3858,ğŸŸ©,green square,Symbols,geometric,1F7E9
3859,ğŸŸ¦,blue square,Symbols,geometric,1F7E6
3860,ğŸŸª,purple square,Symbols,geometric,1F7EA
3861,ğŸŸ«,brown square,Symbols,geometric,1F7EB
3862,â¬›,black large square,Symbols,geometric,2B1B
3863,â¬œ,white large square,Symbols,geometric,2B1C
3864,â—¼ï¸,black medium square,Symbols,geometric,25FC FE0F
3865,â—¼,black medium square,Symbols,geometric,25FC
3866,â—»ï¸,white medium square,Symbols,geometric,25FB FE0F
3867,â—»,white medium square,Symbols,geometric,25FB
3868,â—¾,black medium-small square,Symbols,geometric,25FE
3869,â—½,white medium-small square,Symbols,geometric,25FD
3870,â–ªï¸,black small square,Symbols,geometric,25AA FE0F
3871,â–ª,black small square,Symbols,geometric,25AA
3872,â–«ï¸,white small square,Symbols,geometric,25AB FE0F
3873,â–«,white small square,Symbols,geometric,25AB
3874,ğŸ”¶,large orange diamond,Symbols,geometric,1F536
3875,ğŸ”·,large blue diamond,Symbols,geometric,1F537
3876,ğŸ”¸,small orange diamond,Symbols,geometric,1F538
3877,ğŸ”¹,small blue diamond,Symbols,geometric,1F539
3878,ğŸ”º,red triangle pointed up,Symbols,geometric,1F53A
3879,ğŸ”»,red triangle pointed down,Symbols,geometric,1F53B
3880,ğŸ’ ,diamond with a dot,Symbols,geometric,1F4A0
3881,ğŸ”˜,radio button,Symbols,geometric,1F518
3882,ğŸ”³,white square button,Symbols,geometric,1F533
3883,ğŸ”²,black square button,Symbols,geometric,1F532
4121,ğŸ‡¹ğŸ‡¬,flag: Togo,Flags,country-flag,1F1F9 1F1EC
4122,ğŸ‡¹ğŸ‡­,flag: Thailand,Flags,country-flag,1F1F9 1F1ED
4123,ğŸ‡¹ğŸ‡¯,flag: Tajikistan,Flags,country-flag,1F1F9 1F1EF
4124,ğŸ‡¹ğŸ‡°,flag: Tokelau,Flags,country-flag,1F1F9 1F1F0
4125,ğŸ‡¹ğŸ‡±,flag: Timor-Leste,Flags,country-flag,1F1F9 1F1F1
4126,ğŸ‡¹ğŸ‡²,flag: Turkmenistan,Flags,country-flag,1F1F9 1F1F2
4127,ğŸ‡¹ğŸ‡³,flag: Tunisia,Flags,country-flag,1F1F9 1F1F3
4128,ğŸ‡¹ğŸ‡´,flag: Tonga,Flags,country-flag,1F1F9 1F1F4
4129,ğŸ‡¹ğŸ‡·,flag: Turkey,Flags,country-flag,1F1F9 1F1F7
4130,ğŸ‡¹ğŸ‡¹,flag: Trinidad & Tobago,Flags,country-flag,1F1F9 1F1F9
4131,ğŸ‡¹ğŸ‡»,flag: Tuvalu,Flags,country-flag,1F1F9 1F1FB
4132,ğŸ‡¹ğŸ‡¼,flag: Taiwan,Flags,country-flag,1F1F9 1F1FC
4133,ğŸ‡¹ğŸ‡¿,flag: Tanzania,Flags,country-flag,1F1F9 1F1FF
4134,ğŸ‡ºğŸ‡¦,flag: Ukraine,Flags,country-flag,1F1FA 1F1E6
4135,ğŸ‡ºğŸ‡¬,flag: Uganda,Flags,country-flag,1F1FA 1F1EC
4136,ğŸ‡ºğŸ‡²,flag: U.S. Outlying Islands,Flags,country-flag,1F1FA 1F1F2
4137,ğŸ‡ºğŸ‡³,flag: United Nations,Flags,country-flag,1F1FA 1F1F3
4138,ğŸ‡ºğŸ‡¸,flag: United States,Flags,country-flag,1F1FA 1F1F8
4139,ğŸ‡ºğŸ‡¾,flag: Uruguay,Flags,country-flag,1F1FA 1F1FE
4140,ğŸ‡ºğŸ‡¿,flag: Uzbekistan,Flags,country-flag,1F1FA 1F1FF
4141,ğŸ‡»ğŸ‡¦,flag: Vatican City,Flags,country-flag,1F1FB 1F1E6
4142,ğŸ‡»ğŸ‡¨,flag: St. Vincent & Grenadines,Flags,country-flag,1F1FB 1F1E8
4143,ğŸ‡»ğŸ‡ª,flag: Venezuela,Flags,country-flag,1F1FB 1F1EA
4144,ğŸ‡»ğŸ‡¬,flag: British Virgin Islands,Flags,country-flag,1F1FB 1F1EC
4145,ğŸ‡»ğŸ‡®,flag: U.S. Virgin Islands,Flags,country-flag,1F1FB 1F1EE
4146,ğŸ‡»ğŸ‡³,flag: Vietnam,Flags,country-flag,1F1FB 1F1F3
4147,ğŸ‡»ğŸ‡º,flag: Vanuatu,Flags,country-flag,1F1FB 1F1FA
4148,ğŸ‡¼ğŸ‡«,flag: Wallis & Futuna,Flags,country-flag,1F1FC 1F1EB
4149,ğŸ‡¼ğŸ‡¸,flag: Samoa,Flags,country-flag,1F1FC 1F1F8
4150,ğŸ‡½ğŸ‡°,flag: Kosovo,Flags,country-flag,1F1FD 1F1F0
4151,ğŸ‡¾ğŸ‡ª,flag: Yemen,Flags,country-flag,1F1FE 1F1EA
4152,ğŸ‡¾ğŸ‡¹,flag: Mayotte,Flags,country-flag,1F1FE 1F1F9
4153,ğŸ‡¿ğŸ‡¦,flag: South Africa,Flags,country-flag,1F1FF 1F1E6
4154,ğŸ‡¿ğŸ‡²,flag: Zambia,Flags,country-flag,1F1FF 1F1F2
4155,ğŸ‡¿ğŸ‡¼,flag: Zimbabwe,Flags,country-flag,1F1FF 1F1FC
